[
    {   "model" : "review.Track",
        "pk": 1,
        "fields": {
            "name": "Track 1",
            "display_order": 1,
            "description": "BAME Labour, Young Labour and Women’s Conference",
            "show_amendments": "False",
            "show_comments": "True",
            "allow_submissions": "False",
            "allow_comments": "True",
            "allow_nominations": "False" }},
    {   "model" : "review.Track",
        "pk": 2,
        "fields": {
            "name": "Track 2",
            "display_order": 2,
            "description": "CLP Governance; Membership Participation; Socialist Societies including Disability and LGBT Labour; Recruitment of Members; Gender Representation; Representation of BAME people and women; and Social Media",
            "show_amendments": "True",
            "show_comments": "True",
            "allow_submissions": "True",
            "allow_comments": "True",
            "allow_nominations": "True",
            "submission_start": "2018-01-29",
            "submission_end": "2018-02-16",
            "nomination_start": "2018-01-29",
            "nomination_end": "2018-02-16" }},
    {   "model" : "review.Track",
        "pk": 3,
        "fields": {
            "name": "Track 3",
            "display_order": 3,
            "description": "Local government; Leadership Elections; Freeze Dates; NEC composition; Trade Union Link; Regional Structures; and Policymaking, Conference and Rule Changes",
            "show_amendments": "True",
            "show_comments": "True",
            "allow_submissions": "True",
            "allow_comments": "True",
            "allow_nominations": "True",
            "submission_start": "2018-02-02",
            "submission_end": "2018-03-23",
            "nomination_start": "2018-02-02",
            "nomination_end": "2018-03-30" }},

    {   "model" : "review.Theme",
        "pk": 1,
        "fields": {
            "track": 1,
            "name": "BAME Labour",
            "description": "BAME Labour is the institution tasked with representing Labour's 'Black, Asian, and Minority Ethnic' (BAME) members.  Other proposals relating to the representation of BAME people in the Labour Party should be submitted under Track 2 (Representation of BAME and LGBT members).",
            "display_order": 1,
            "guidance": "Although the January 12th deadline for individual submissions has passed, CLPs and Ethnic Minority Forums can continue to make submisisons after the deadline, and the debate over the future of BAME Labour will continue. Please have a look at our proposed submission and let us know what you think." }},
    {   "model" : "review.Theme",
        "pk": 2,
        "fields": {
            "track": 1,
            "name": "Young Labour",
            "description": "Young Labour is the body which represents the party's younger members (defined as people aged under 27).",
            "display_order": 2,
            "guidance": "Although the January 12th deadline for individual submissions has passed, CLPs and Young Labour Forums can continue to make submisisons after the deadline, and the debate over the future of Young Labour will continue. Please have a look at our proposed submission and let us know what you think." }},
    {   "model" : "review.Theme",
        "pk": 3,
        "fields": {
            "track": 1,
            "name": "Women's Conference",
            "description": "Women's Conference is a special Conference for female delegates representing women members of the party.  It was historically used by women to pass their own policy and submit it to annual Conference.",
            "display_order": 3,
            "guidance": "Although the January 12th deadline for individual submissions has passed, CLPs and Women's Forums can continue to make submisisons after the deadline, and the debate over the future of Women's Conference will continue. Please have a look at our proposed submission and let us know what you think." }},
    {   "model" : "review.Theme",
        "pk": 4,
        "fields": {
            "track": 2,
            "name": "CLP Governance",
            "description": "The Governance of CLPs including the composition of CLP Executives and the training of CLP officers and members.",
            "display_order": 1,
            "guidance": "Before submitting, please check out the recommendations made by the <a href=\"/review/proposal/4\">Members’ Council</a> and suggest amendments and comments!" }},
    {   "model" : "review.Theme",
        "pk": 5,
        "fields": {
            "track": 2,
            "name": "Membership Involvement and Participation",
            "guidance": "In need of inspiration? Check out these brilliant articles full of ideas for revitalising CLPs in New Socialist: <a href=\"https://newsocialist.org.uk/corbynism-from-below/\" target=\"_blank\">Corbynism from Below</a> by Tom Blackburn, and <a href=\"https://newsocialist.org.uk/chorlton-socialist-club-building-on-a-movement/\" target=\"_blank\">Chorley Socialist Club</a> by Sean Cummings.",
            "description": "Strengthening the involvement and participation of our hundreds of thousands of new members in constituency parties and other aspects of the Party’s work.  This is a broad theme covering all reforms that enhance the involvement and participation of members which are not dealt with under other themes.",
            "display_order": 2 }},
    {   "model" : "review.Theme",
        "pk": 6,
        "fields": {
            "track": 2,
            "name": "Socialist Societies including Disability and LGBT Labour",
            "description": "The functioning of associated bodies like Disability Labour, LGBT Labour, Socialist Health Association, etc.",
            "display_order": 3 }},
    {   "model" : "review.Theme",
        "pk": 7,
        "fields": {
            "track": 2,
            "name": "Recruitment of Members",
            "description": "All reforms and ideas to enhance the recruitment of new party members.",
            "display_order": 4 }},
    {   "model" : "review.Theme",
        "pk": 8,
        "fields": {
            "track": 2,
            "name": "Gender Representation",
            "description": "Greater participation of women in CLPs and at other levels of the Party, gender representation throughout the Party, and the role of Labour women’s conference.",
            "display_order": 5 }},
    {   "model" : "review.Theme",
        "pk": 9,
        "fields": {
            "track": 2,
            "name": "Representation of BAME and LGBT members, and members with a disabililty",
            "description": "Improving diversity at all levels within the Party including looking at how to increase the involvement of BAME members, LGBT members, members with a disability and other groups.",
            "display_order": 6 }},
    {   "model" : "review.Theme",
        "pk": 10,
        "fields": {
            "track": 2,
            "name": "Social Media",
            "description": "Harnessing the potential of social media across all aspects of Labour’s democracy and political work.",
            "display_order": 7 }},

    {   "model" : "review.Theme",
        "pk": 11,
        "fields": {
            "track": 3,
            "name": "Local Government",
            "description": "Developing the relationship between Labour’s local authority representatives and local parties.",
            "display_order": 1 }},
    {   "model" : "review.Theme",
        "pk": 12,
        "fields": {
            "track": 3,
            "name": "Leadership Elections",
            "description": "The method of electing the Party Leader, including the role of registered supporters and the issue of nominating thresholds.",
            "display_order": 2 }},
    {   "model" : "review.Theme",
        "pk": 13,
        "fields": {
            "track": 3,
            "name": "Freeze Dates",
            "description": "How freeze dates are applied in selections and Conferences.",
            "display_order": 3 }},
    {   "model" : "review.Theme",
        "pk": 14,
        "fields": {
            "track": 3,
            "name": "NEC Composition",
            "description": "The composition of the NEC and the procedures for elections to it in its various elements.",
            "display_order": 4 }},
    {   "model" : "review.Theme",
        "pk": 15,
        "fields": {
            "track": 3,
            "name": "Trade Union Link",
            "description": "Strengthening the links between the Party and its trade union affiliates locally and nationally, and engaging more of their members in the Party’s life.",
            "display_order": 5 }},
    {   "model" : "review.Theme",
        "pk": 16,
        "fields": {
            "track": 3,
            "name": "Regional Structures",
            "description": "The role, accountability and transparency of regional structures.",
            "display_order": 6 }},
    {   "model" : "review.Theme",
        "pk": 17,
        "fields": {
            "track": 3,
            "name": "Policymaking, Conference, and Rule Changes",
            "description": "Developing democratic policy-making procedures, including strengthening the role of Constituency Labour Parties (CLPs) and of Party Conference, the role of contemporary motions and the development of local and regional plans.",
            "display_order": 7 }},
                        
    {   "model" : "review.Proposal",
        "pk": 1,
        "fields": {
            "theme": 1,
            "name": "Momentum’s Submissions to Transform BAME Labour",
            "summary": "Momentum sent a survey to our Black, Asian and Minority Ethnic members and supporters asking about their experiences and expectations relating to BAME Labour, eliciting over 1000 responses. The responses paint a dismal picture of a failing organisation. In response, Momentum has formulated these proposals for a fully autonomous, resourced, transparent, organisation capable of overcoming institutional racism, engaging with BAME voters and empowering BAME members.",
            "text": "The document listed below contains Momentum's submission to the Labour Party Democracy Review for this theme.  Please read it and let us know what you think in the comments section below.",
            "created_by": 3,
            "created_at": "2018-01-25" }},
    {   "model" : "review.Proposal",
        "pk": 2,
        "fields": {
            "theme": 2,
            "name": "Momentum Submission to Transform Young Labour",
            "summary": "In order to fully harness the talent, creativity, and ideological commitment to transforming society of our young members, Young Labour must be allowed fully autonomy, fair representation in party structures, resources commensurate to its membership. This proposal outlines some basic requirements to reform Young Labour into an organisation capable of unleashing the creative of potential of hundreds and thousands of committed young people moved by the desire to transform society.",
            "text": "The document listed below contains Momentum's submission to the Labour Party Democracy Review for this theme.  Please read it and let us know what you think in the comments section below.",
            "created_by": 3,
            "created_at": "2018-01-25" }},
    {   "model" : "review.Proposal",
        "pk": 3,
        "fields": {
            "theme": 3,
            "name": "Suggestions for Women’s Conference",
            "summary": "These proposals were drawn up by Teresa Clark and Jean Crocker based on consultations with female activists from around the country. They attempt to reconstitute Women’s Conference as a meaningful institution that allows female party members to develop policy and empower women.",
            "text": "The document listed below contains Momentum's submission to the Labour Party Democracy Review for this theme.  Please read it and let us know what you think in the comments section below.",
            "created_by": 3,
            "created_at": "2018-01-25" }},
    {   "model" : "review.Proposal",
        "pk": 4,
        "fields": {
            "theme": 4,
            "name": "Members' Council Recommendations to Improve CLP Governance",
            "summary": "Momentum’s Members’ Council met on the 2nd December 2017 to develop recommendations for the Democracy Review. Their recommendations put a strong focus on improving transparency over key documents such as standing orders, increasing clarity over data rules (which may be altered in line with upcoming legislation), and improving accessibility for people with disabilities and people unable to attend meetings, including through online voting, which was widely popular.",
            "text": "The document listed below contains the Members’ Council Recommendation to Momentum for this theme.  Please read it and let us know what you think in the comments section below.",
            "created_by": 4,
            "created_at": "2018-01-25" }},
    {   "model" : "review.Proposal",
        "pk": 5,
        "fields": {
            "theme": 5,
            "name": "Momentum NCG Proposal for a Charter of Members’ Rights",
            "summary": "A Charter of Members’ Rights is necessary to remake the Labour Party so that it is structurally and culturally coherent with democratic socialist principles. Given the massive potential of the incredible expansion of the party membership in recent years, it is necessary to ensure that the talent, creativity, and commitment of the members is fully harnessed. This Charter includes key relevant recommendations to protect and expand members’ rights.",
            "text": "The document listed below contains Momentum's submission to the Labour Party Democracy Review for this theme.  Please read it and let us know what you think in the comments section below.",
            "created_by": 3,
            "created_at": "2018-01-25" }},
    {   "model" : "review.Proposal",
        "pk": 6,
        "fields": {
            "theme": 5,
            "name": "Momentum NCG Proposal for a Code of Ethics",
            "summary": "Remaking the Labour Party so that it can transform the lives of millions of people will only be possible if there is a fundamental cultural change instigated throughout the length and breadth of the party. This cultural change needs to be built on commitments by all actors in the party to mutual respect, engagement and participation, transparency, and accountability. The objective of this Code of Ethics is to establish a basis for this cultural transformation.",
            "text": "The document listed below contains Momentum's submission to the Labour Party Democracy Review for this theme.  Please read it and let us know what you think in the comments section below.",
            "created_by": 3,
            "created_at": "2018-01-25" }},
    {   "model" : "review.Proposal",
        "pk": 7,
        "fields": {
            "theme": 5,
            "name": "Momentum NCG Proposal for a Labour Party Ombudsperson",
            "summary": "This proposal argues for the creation of the role of an ombudsperson to enforce the Charter of Rights and Code of Ethics. It is essential that the ombudsperson is accountable to the NEC and that their work does not cut across other NEC functions. However, the ombudsperson must personally be truly independent and command widespread support and command widespread support across the party as a whole.",
            "text": "The document listed below contains Momentum's submission to the Labour Party Democracy Review for this theme.  Please read it and let us know what you think in the comments section below.",
            "created_by": 3,
            "created_at": "2018-01-25" }},
    {   "model" : "review.Proposal",
        "pk": 8,
        "fields": {
            "theme": 17,
            "name": "Members’ Council Recommendations for the National Policy Forum",
            "summary": "The Members’ Council met on December 2nd. They developed recommendations to radically reform the National Policy Forum, so that there continues to be a rolling body of policymaking, but that it is more responsive to party members, has more support to develop meaningful policy, and is able to feed back into CLPs to ensure party members are able to engage with it effectively, as well as changes made to democratise and strengthen Conference as the party’s sovereign decision-making body.",
            "text": "The document listed below contains the Members’ Council Recommendation to Momentum for this theme.  Please read it and let us know what you think in the comments section below.",
            "created_by": 4,
            "created_at": "2018-01-25" }},
                        
    {   "model" : "review.ProposalURL",
        "pk": 1,
        "fields": {
            "proposal": 1,
            "url": "/static/review/Democracy_Review_Submission_Reforming_BAME_Labour.pdf",
            "display_text": "Democracy Review: Submissions to Reform BAME Labour" }},
    {   "model" : "review.ProposalURL",
        "pk": 2,
        "fields": {
            "proposal": 1,
            "url": "/static/review/BAME_Labour_Survey_Results_Summary.pdf",
            "display_text": "To see the results of our consultation survey, please see the BAME Labour Consultation Results" }},
    {   "model" : "review.ProposalURL",
        "pk": 3,
        "fields": {
            "proposal": 1,
            "url": "/static/review/The_Seema_Chandwani_Guide_to_Debating_BAME_Labour_in_your_CLP.pdf",
            "display_text": "The Seema Chandwani Guide to Debating BAME Labour in your CLP" }},
    {   "model" : "review.ProposalURL",
        "pk": 4,
        "fields": {
            "proposal": 1,
            "url": "https://newsocialist.org.uk/bame-labour-time-for-reform/",
            "display_text": "If you are unfamiliar with the challenges facing BAME Labour Party members to reform BAME Labour, check out this article by Becky Boumelha" }},
    {   "model" : "review.ProposalURL",
        "pk": 5,
        "fields": {
            "proposal": 2,
            "url": "/static/review/Young_Labour_Proposal_for_the_Democracy_Review.pdf",
            "display_text": "Democracy Review: Submission to Reform Young Labour" }},
    {   "model" : "review.ProposalURL",
        "pk": 6,
        "fields": {
            "proposal": 2,
            "url": "https://medium.com/@maxshanly/towards-a-new-model-young-labour-29960414261a",
            "display_text": "Towards a Model Young Labour" }},
    {   "model" : "review.ProposalURL",
        "pk": 7,
        "fields": {
            "proposal": 3,
            "url": "/static/review/Submission_to_Labour_Party_Democracy_Review_on_Annual_Women_Conference.pdf",
            "display_text": "Women's Conference: Submission to Reform Women's Conference" }},
    {   "model" : "review.ProposalURL",
        "pk": 8,
        "fields": {
            "proposal": 4,
            "url": "/static/review/Members_Council_Recommendations_for_CLP_Governance.pdf",
            "display_text": "The Members' Council has made the following recommendations to improve CLP governance." }},
    {   "model" : "review.ProposalURL",
        "pk": 9,
        "fields": {
            "proposal": 5,
            "url": "/static/review/Charter_of_Members_Rights.pdf",
            "display_text": "Momentum NCG Proposal for a Charter of Members’ Rights." }},
    {   "model" : "review.ProposalURL",
        "pk": 10,
        "fields": {
            "proposal": 6,
            "url": "/static/review/Code_of_Ethics_2018.pdf",
            "display_text": "Momentum NCG Proposal for a Code of Ethics." }},
    {   "model" : "review.ProposalURL",
        "pk": 11,
        "fields": {
            "proposal": 7,
            "url": "/static/review/Labour_Party_Ombudsperson_Proposal.pdf",
            "display_text": "Momentum NCG Proposal for a Labour Party Ombudsperson." }},
    {   "model" : "review.ProposalURL",
        "pk": 12,
        "fields": {
            "proposal": 8,
            "url": "/static/review/Members_Council_Recommendations_for_the_National_Policy_Forum.pdf",
            "display_text": "Members’ Council Recommendations for the National Policy Forum." }},

    {   "model" : "review.TrackVoting",
        "pk": 2,
        "fields": {
            "track": 2,
            "voting_start": "2018-03-01",
            "voting_end": "2018-03-12",
            "template": "review/track_votings/track2_voting.html" }},
    {   "model" : "review.TrackVoting",
        "pk": 3,
        "fields": {
            "track": 3,
            "voting_start": "2018-05-16",
            "voting_end": "2018-05-23",
            "template": "review/track_votings/track3_voting.html" }},

    {   "model" : "review.Question",
        "pk": 1,
        "fields": {
            "track_voting": 2,
            "number": 1,
            "text": "Should Momentum campaign for the Charter of Members’ Rights?" }},
    {   "model" : "review.Question",
        "pk": 2,
        "fields": {
            "track_voting": 2,
            "number": 2,
            "text": "Should Momentum campaign for the Code of Ethics?" }},
    {   "model" : "review.Question",
        "pk": 3,
        "fields": {
            "track_voting": 2,
            "number": 3,
            "text": "Should Momentum campaign for the Labour Party to have an Ombudsperson?" }},
    {   "model" : "review.Question",
        "pk": 4,
        "fields": {
            "track_voting": 2,
            "number": 4,
            "text": "Should Momentum campaign for this rule change to clarify the eligibility for membership of people who support organisations other than the Labour Party?" }},
    {   "model" : "review.Question",
        "pk": 5,
        "fields": {
            "track_voting": 2,
            "number": 5,
            "text": "Do you think party members should have the option of voting online for parliamentary selections?" }},
    {   "model" : "review.Question",
        "pk": 6,
        "fields": {
            "track_voting": 2,
            "number": 6,
            "text": "Do you think there should be a meaningful process allowing all party members to consider different candidates to be their CLP’s elected representatives in each term of Parliament?" }},
    {   "model" : "review.Question",
        "pk": 7,
        "fields": {
            "track_voting": 2,
            "number": 7,
            "text": "Do you think that the existing trigger ballot system provides adequate accountability between elected representatives and party members in seats with sitting Labour MPs?" }},
    {   "model" : "review.Question",
        "pk": 8,
        "fields": {
            "track_voting": 2,
            "number": 8,
            "text": "Do you think MPs should be required to demonstrate clear majority support from both party members and from affiliated branches in order to get automatically selected again?" }},
    {   "model" : "review.Question",
        "pk": 9,
        "fields": {
            "track_voting": 2,
            "number": 9,
            "text": "Should Momentum campaign for this proposal to reform the way sitting MPs are reselected?" }},
    {   "model" : "review.Question",
        "pk": 10,
        "fields": {
            "track_voting": 2,
            "number": 10,
            "text": "Should Momentum campaign for this proposal?" }},
    {   "model" : "review.Question",
        "pk": 11,
        "fields": {
            "track_voting": 2,
            "number": 11,
            "text": "Do you think Momentum should campaign for this proposal to reform Disability Labour and improve representation for disabled party members?" }},
    {   "model" : "review.Question",
        "pk": 12,
        "fields": {
            "track_voting": 2,
            "number": 12,
            "text": "Should Momentum adopt this proposal to improve the way Constituency Labour Parties (CLP) function?" }},
    {   "model" : "review.Question",
        "pk": 13,
        "fields": {
            "track_voting": 2,
            "number": 13,
            "text": "Should Momentum campaign for this proposal to improve recruitment of new members?" }},
    {   "model" : "review.Question",
        "pk": 14,
        "fields": {
            "track_voting": 2,
            "number": 14,
            "text": "Should Momentum campaign for this proposal to improve the representation of women in the party?" }},
    {   "model" : "review.Question",
        "pk": 15,
        "fields": {
            "track_voting": 2,
            "number": 15,
            "text": "Should Momentum campaign for this proposal to improve the Labour Party’s social media operation?" }},

    {   "model" : "review.Choice",
        "pk": 1,
        "fields": {
            "question": 1, 
            "text": "Yes" }},
    {   "model" : "review.Choice",
        "pk": 2,
        "fields": {
            "question": 1, 
            "text": "No" }},
    {   "model" : "review.Choice",
        "pk": 3,
        "fields": {
            "question": 1, 
            "text": "Abstain" }},
    {   "model" : "review.Choice",
        "pk": 4,
        "fields": {
            "question": 2, 
            "text": "Yes" }},
    {   "model" : "review.Choice",
        "pk": 5,
        "fields": {
            "question": 2, 
            "text": "No" }},
    {   "model" : "review.Choice",
        "pk": 6,
        "fields": {
            "question": 2, 
            "text": "Abstain" }},
    {   "model" : "review.Choice",
        "pk": 7,
        "fields": {
            "question": 3, 
            "text": "Yes" }},
    {   "model" : "review.Choice",
        "pk": 8,
        "fields": {
            "question": 3, 
            "text": "No" }},
    {   "model" : "review.Choice",
        "pk": 9,
        "fields": {
            "question": 3, 
            "text": "Abstain" }},
    {   "model" : "review.Choice",
        "pk": 10,
        "fields": {
            "question": 4, 
            "text": "Yes" }},
    {   "model" : "review.Choice",
        "pk": 11,
        "fields": {
            "question": 4, 
            "text": "No" }},
    {   "model" : "review.Choice",
        "pk": 12,
        "fields": {
            "question": 4, 
            "text": "Abstain" }},
    {   "model" : "review.Choice",
        "pk": 13,
        "fields": {
            "question": 5, 
            "text": "Yes" }},
    {   "model" : "review.Choice",
        "pk": 14,
        "fields": {
            "question": 5, 
            "text": "No" }},
    {   "model" : "review.Choice",
        "pk": 15,
        "fields": {
            "question": 5, 
            "text": "Abstain" }},
    {   "model" : "review.Choice",
        "pk": 16,
        "fields": {
            "question": 6, 
            "text": "Yes" }},
    {   "model" : "review.Choice",
        "pk": 17,
        "fields": {
            "question": 6, 
            "text": "No" }},
    {   "model" : "review.Choice",
        "pk": 18,
        "fields": {
            "question": 6, 
            "text": "Abstain" }},
    {   "model" : "review.Choice",
        "pk": 19,
        "fields": {
            "question": 7, 
            "text": "Yes" }},
    {   "model" : "review.Choice",
        "pk": 20,
        "fields": {
            "question": 7, 
            "text": "No" }},
    {   "model" : "review.Choice",
        "pk": 21,
        "fields": {
            "question": 7, 
            "text": "Abstain" }},
    {   "model" : "review.Choice",
        "pk": 22,
        "fields": {
            "question": 8, 
            "text": "Yes" }},
    {   "model" : "review.Choice",
        "pk": 23,
        "fields": {
            "question": 8, 
            "text": "No" }},
    {   "model" : "review.Choice",
        "pk": 24,
        "fields": {
            "question": 8, 
            "text": "Abstain" }},
    {   "model" : "review.Choice",
        "pk": 25,
        "fields": {
            "question": 9, 
            "text": "Yes" }},
    {   "model" : "review.Choice",
        "pk": 26,
        "fields": {
            "question": 9, 
            "text": "No" }},
    {   "model" : "review.Choice",
        "pk": 27,
        "fields": {
            "question": 9, 
            "text": "Abstain" }},
    {   "model" : "review.Choice",
        "pk": 28,
        "fields": {
            "question": 10, 
            "text": "Yes" }},
    {   "model" : "review.Choice",
        "pk": 29,
        "fields": {
            "question": 10, 
            "text": "No" }},
    {   "model" : "review.Choice",
        "pk": 30,
        "fields": {
            "question": 10, 
            "text": "Abstain" }},
    {   "model" : "review.Choice",
        "pk": 31,
        "fields": {
            "question": 11, 
            "text": "Yes" }},
    {   "model" : "review.Choice",
        "pk": 32,
        "fields": {
            "question": 11, 
            "text": "No" }},
    {   "model" : "review.Choice",
        "pk": 33,
        "fields": {
            "question": 11, 
            "text": "Abstain" }},
    {   "model" : "review.Choice",
        "pk": 34,
        "fields": {
            "question": 12, 
            "text": "Yes" }},
    {   "model" : "review.Choice",
        "pk": 35,
        "fields": {
            "question": 12, 
            "text": "No" }},
    {   "model" : "review.Choice",
        "pk": 36,
        "fields": {
            "question": 12, 
            "text": "Abstain" }},
    {   "model" : "review.Choice",
        "pk": 37,
        "fields": {
            "question": 13, 
            "text": "Yes" }},
    {   "model" : "review.Choice",
        "pk": 38,
        "fields": {
            "question": 13, 
            "text": "No" }},
    {   "model" : "review.Choice",
        "pk": 39,
        "fields": {
            "question": 13, 
            "text": "Abstain" }},
    {   "model" : "review.Choice",
        "pk": 40,
        "fields": {
            "question": 14, 
            "text": "Yes" }},
    {   "model" : "review.Choice",
        "pk": 41,
        "fields": {
            "question": 14, 
            "text": "No" }},
    {   "model" : "review.Choice",
        "pk": 42,
        "fields": {
            "question": 14, 
            "text": "Abstain" }},
    {   "model" : "review.Choice",
        "pk": 43,
        "fields": {
            "question": 15, 
            "text": "Yes" }},
    {   "model" : "review.Choice",
        "pk": 44,
        "fields": {
            "question": 15, 
            "text": "No" }},
    {   "model" : "review.Choice",
        "pk": 45,
        "fields": {
            "question": 15, 
            "text": "Abstain" }}
]